market regions/markets,total arrivals,year,quarter,month,Group2,total arrivals(daily),total arrivals_previous,Difference,,,,,,,
Australia,60607,2018,Q1,1,Australia,1955 ,58811,1796,,Australia,Australia,,,,
Australia,27172,2018,Q1,2,Australia,970 ,25649,1523,,Canada,G7,,,,
Australia,50533,2018,Q1,3,Australia,1630 ,48259,2274,,France,G7,,,,
Australia,60773,2018,Q2,4,Australia,2026 ,58997,1776,,GCC Markets,GCC Markets,,,,
Australia,44482,2018,Q2,5,Australia,1435 ,43110,1372,,Germany,G7,,,,`
Australia,43517,2018,Q2,6,Australia,1451 ,42521,996,,India,India,,,,
Australia,47894,2018,Q3,7,Australia,1545 ,47022,872,,Indonesia,ASEAN,,,,
Australia,41415,2018,Q3,8,Australia,1336 ,40084,1331,,Japan,G7,,,,
Australia,50987,2018,Q3,9,Australia,1700 ,49974,1013,,Macau SAR,Macau SAR,,,,
Australia,56899,2018,Q4,10,Australia,1835 ,55805,1094,,Mainland China,Mainland China,,,,
Australia,49765,2018,Q4,11,Australia,1659 ,48813,952,,Malaysia,ASEAN,,,,
Australia,61865,2018,Q4,12,Australia,1996 ,61122,743,,Middle East,Middle East,,,,
Australia,41047,2024,Q1,1,Australia,1324 ,41903,-856,,Netherlands,Netherlands,,,,
Australia,19764,2024,Q1,2,Australia,682 ,19963,-199,,Philippines,ASEAN,,,,
Australia,29919,2024,Q1,3,Australia,965 ,30565,-646,,Russia,Russia,,,,
Australia,33825,2024,Q2,4,Australia,1128 ,34280,-455,,Singapore,ASEAN,,,,
Australia,20971,2024,Q2,5,Australia,676 ,21249,-278,,South Korea,South Korea,,,,
Australia,21640,2024,Q2,6,Australia,721 ,22416,-776,,Taiwan,Taiwan,,,,
Australia,21287,2024,Q3,7,Australia,687 ,21924,-637,,Thailand,ASEAN,,,,
Australia,18426,2024,Q3,8,Australia,594 ,18569,-143,,United Kingdom,G7,,,,
Australia,34866,2024,Q3,9,Australia,1162 ,35937,-1071,,USA,G7,,,,
Australia,39655,2024,Q4,10,Australia,1279 ,,,,Vietnam,ASEAN,,,,
Australia,37667,2024,Q4,11,Australia,1256 ,,,,,,,,,
Australia,51790,2024,Q4,12,Australia,1671 ,,,,,,,,,
Australia,53523,2025,Q1,1,Australia,1727 ,,,,,,,,,
Australia,27739,2025,Q1,2,Australia,991 ,,,,,,,,,
Australia,38869,2025,Q1,3,Australia,1254 ,,,,,,,,,
Australia,46330,2025,Q2,4,Australia,1544 ,,,,,,,,,
Australia,29282,2025,Q2,5,Australia,945 ,,,,,,,,,
Australia,27098,2025,Q2,6,Australia,903 ,,,,,,,,,
Australia,28875,2025,Q3,7,Australia,931 ,,,,,,,,,
Australia,20936,2025,Q3,8,Australia,675 ,,,,,,,,,
Canada,33596,2018,Q1,1,G7,1084 ,32330,1266,,,,,,,
Canada,28534,2018,Q1,2,G7,1019 ,27250,1284,,,,,,,
Canada,44471,2018,Q1,3,G7,1435 ,42708,1763,,,,,,,
Canada,36583,2018,Q2,4,G7,1219 ,34789,1794,,,,,,,
Canada,32066,2018,Q2,5,G7,1034 ,31135,931,,,,,,,
Canada,24473,2018,Q2,6,G7,816 ,23147,1326,,,,,,,
Canada,28797,2018,Q3,7,G7,929 ,27094,1703,,,,,,,
Canada,27938,2018,Q3,8,G7,901 ,26377,1561,,,,,,,
Canada,23405,2018,Q3,9,G7,780 ,22159,1246,,,,,,,
Canada,34999,2018,Q4,10,G7,1129 ,33183,1816,,,,,,,
Canada,42619,2018,Q4,11,G7,1421 ,41083,1536,,,,,,,
Canada,38730,2018,Q4,12,G7,1249 ,36737,1993,,,,,,,
Canada,23796,2024,Q1,1,G7,768 ,23411,385,,,,,,,
Canada,22473,2024,Q1,2,G7,775 ,21919,554,,,,,,,
Canada,31780,2024,Q1,3,G7,1025 ,31341,439,,,,,,,
Canada,28348,2024,Q2,4,G7,945 ,28329,19,,,,,,,
Canada,25074,2024,Q2,5,G7,809 ,24588,486,,,,,,,
Canada,21261,2024,Q2,6,G7,709 ,20773,488,,,,,,,
Canada,25341,2024,Q3,7,G7,817 ,24889,452,,,,,,,
Canada,23368,2024,Q3,8,G7,754 ,22365,1003,,,,,,,
Canada,20397,2024,Q3,9,G7,680 ,19923,474,,,,,,,
Canada,31798,2024,Q4,10,G7,1026 ,,,,,,,,,
Canada,35722,2024,Q4,11,G7,1191 ,,,,,,,,,
Canada,31273,2024,Q4,12,G7,1009 ,,,,,,,,,
Canada,26387,2025,Q1,1,G7,851 ,,,,,,,,,
Canada,24959,2025,Q1,2,G7,891 ,,,,,,,,,
Canada,37963,2025,Q1,3,G7,1225 ,,,,,,,,,
Canada,29142,2025,Q2,4,G7,971 ,,,,,,,,,
Canada,27645,2025,Q2,5,G7,892 ,,,,,,,,,
Canada,20391,2025,Q2,6,G7,680 ,,,,,,,,,
Canada,27440,2025,Q3,7,G7,885 ,,,,,,,,,
Canada,28496,2025,Q3,8,G7,919 ,,,,,,,,,
France,17132,2018,Q1,1,G7,553 ,15102,2030,,,,,,,
France,14236,2018,Q1,2,G7,508 ,12210,2026,,,,,,,
France,22025,2018,Q1,3,G7,710 ,19157,2868,,,,,,,
France,25100,2018,Q2,4,G7,837 ,22779,2321,,,,,,,
France,19732,2018,Q2,5,G7,637 ,17708,2024,,,,,,,
France,14807,2018,Q2,6,G7,494 ,12840,1967,,,,,,,
France,16597,2018,Q3,7,G7,535 ,15124,1473,,,,,,,
France,18875,2018,Q3,8,G7,609 ,17410,1465,,,,,,,
France,14255,2018,Q3,9,G7,475 ,12545,1710,,,,,,,
France,24101,2018,Q4,10,G7,777 ,21386,2715,,,,,,,
France,23325,2018,Q4,11,G7,778 ,20425,2900,,,,,,,
France,17157,2018,Q4,12,G7,553 ,15164,1993,,,,,,,
France,9341,2024,Q1,1,G7,301 ,8816,525,,,,,,,
France,9689,2024,Q1,2,G7,334 ,9057,632,,,,,,,
France,12763,2024,Q1,3,G7,412 ,11926,837,,,,,,,
France,15542,2024,Q2,4,G7,518 ,14600,942,,,,,,,
France,11779,2024,Q2,5,G7,380 ,10841,938,,,,,,,
France,8591,2024,Q2,6,G7,286 ,7877,714,,,,,,,
France,10765,2024,Q3,7,G7,347 ,10357,408,,,,,,,
France,12161,2024,Q3,8,G7,392 ,11554,607,,,,,,,
France,9440,2024,Q3,9,G7,315 ,8732,708,,,,,,,
France,16513,2024,Q4,10,G7,533 ,,,,,,,,,
France,16225,2024,Q4,11,G7,541 ,,,,,,,,,
France,11842,2024,Q4,12,G7,382 ,,,,,,,,,
France,10420,2025,Q1,1,G7,336 ,,,,,,,,,
France,11451,2025,Q1,2,G7,409 ,,,,,,,,,
France,14263,2025,Q1,3,G7,460 ,,,,,,,,,
France,15888,2025,Q2,4,G7,530 ,,,,,,,,,
France,12497,2025,Q2,5,G7,403 ,,,,,,,,,
France,9321,2025,Q2,6,G7,311 ,,,,,,,,,
France,12929,2025,Q3,7,G7,417 ,,,,,,,,,
France,15549,2025,Q3,8,G7,502 ,,,,,,,,,
Germany,19009,2018,Q1,1,G7,613 ,18212,797,,,,,,,
Germany,14655,2018,Q1,2,G7,523 ,13818,837,,,,,,,
Germany,27237,2018,Q1,3,G7,879 ,26432,805,,,,,,,
Germany,25537,2018,Q2,4,G7,851 ,24450,1087,,,,,,,
Germany,17136,2018,Q2,5,G7,553 ,16197,939,,,,,,,
Germany,13220,2018,Q2,6,G7,441 ,12455,765,,,,,,,
Germany,14544,2018,Q3,7,G7,469 ,13965,579,,,,,,,
Germany,15294,2018,Q3,8,G7,493 ,14749,545,,,,,,,
Germany,17099,2018,Q3,9,G7,570 ,16359,740,,,,,,,
Germany,27059,2018,Q4,10,G7,873 ,25950,1109,,,,,,,
Germany,26164,2018,Q4,11,G7,872 ,24993,1171,,,,,,,
Germany,20250,2018,Q4,12,G7,653 ,19239,1011,,,,,,,
Germany,10802,2024,Q1,1,G7,348 ,10647,155,,,,,,,
Germany,9959,2024,Q1,2,G7,343 ,9731,228,,,,,,,
Germany,26088,2024,Q1,3,G7,842 ,25660,428,,,,,,,
Germany,24708,2024,Q2,4,G7,824 ,24177,531,,,,,,,
Germany,10408,2024,Q2,5,G7,336 ,9994,414,,,,,,,
Germany,7543,2024,Q2,6,G7,251 ,7170,373,,,,,,,
Germany,8413,2024,Q3,7,G7,271 ,8253,160,,,,,,,
Germany,10043,2024,Q3,8,G7,324 ,9816,227,,,,,,,
Germany,11154,2024,Q3,9,G7,372 ,10905,249,,,,,,,
Germany,17409,2024,Q4,10,G7,562 ,,,,,,,,,
Germany,16618,2024,Q4,11,G7,554 ,,,,,,,,,
Germany,14970,2024,Q4,12,G7,483 ,,,,,,,,,
Germany,13812,2025,Q1,1,G7,446 ,,,,,,,,,
Germany,11691,2025,Q1,2,G7,418 ,,,,,,,,,
Germany,23968,2025,Q1,3,G7,773 ,,,,,,,,,
Germany,28267,2025,Q2,4,G7,942 ,,,,,,,,,
Germany,11991,2025,Q2,5,G7,387 ,,,,,,,,,
Germany,9212,2025,Q2,6,G7,307 ,,,,,,,,,
Germany,9689,2025,Q3,7,G7,313 ,,,,,,,,,
Germany,12356,2025,Q3,8,G7,399 ,,,,,,,,,
India,30472,2018,Q1,1,India,983 ,27749,2723,,,,,,,
India,20994,2018,Q1,2,India,750 ,18778,2216,,,,,,,
India,33502,2018,Q1,3,India,1081 ,30766,2736,,,,,,,
India,38802,2018,Q2,4,India,1293 ,36195,2607,,,,,,,
India,49536,2018,Q2,5,India,1598 ,47248,2288,,,,,,,
India,46060,2018,Q2,6,India,1535 ,43640,2420,,,,,,,
India,28563,2018,Q3,7,India,921 ,26106,2457,,,,,,,
India,27160,2018,Q3,8,India,876 ,24958,2202,,,,,,,
India,33173,2018,Q3,9,India,1106 ,31040,2133,,,,,,,
India,32531,2018,Q4,10,India,1049 ,29468,3063,,,,,,,
India,38398,2018,Q4,11,India,1280 ,35606,2792,,,,,,,
India,39023,2018,Q4,12,India,1259 ,35127,3896,,,,,,,
India,23656,2024,Q1,1,India,763 ,22720,936,,,,,,,
India,18341,2024,Q1,2,India,632 ,17146,1195,,,,,,,
India,31701,2024,Q1,3,India,1023 ,30146,1555,,,,,,,
India,34866,2024,Q2,4,India,1162 ,33095,1771,,,,,,,
India,42356,2024,Q2,5,India,1366 ,40971,1385,,,,,,,
India,38890,2024,Q2,6,India,1296 ,36927,1963,,,,,,,
India,24999,2024,Q3,7,India,806 ,24103,896,,,,,,,
India,27931,2024,Q3,8,India,901 ,26328,1603,,,,,,,
India,33684,2024,Q3,9,India,1123 ,31466,2218,,,,,,,
India,34638,2024,Q4,10,India,1117 ,,,,,,,,,
India,32503,2024,Q4,11,India,1083 ,,,,,,,,,
India,34227,2024,Q4,12,India,1104 ,,,,,,,,,
India,22128,2025,Q1,1,India,714 ,,,,,,,,,
India,17856,2025,Q1,2,India,638 ,,,,,,,,,
India,35302,2025,Q1,3,India,1139 ,,,,,,,,,
India,49301,2025,Q2,4,India,1643 ,,,,,,,,,
India,44024,2025,Q2,5,India,1420 ,,,,,,,,,
India,37525,2025,Q2,6,India,1251 ,,,,,,,,,
India,26505,2025,Q3,7,India,855 ,,,,,,,,,
India,29692,2025,Q3,8,India,958 ,,,,,,,,,
Indonesia,45903,2018,Q1,1,ASEAN,1481 ,45348,555,,,,,,,
Indonesia,20542,2018,Q1,2,ASEAN,734 ,20125,417,,,,,,,
Indonesia,34363,2018,Q1,3,ASEAN,1108 ,33951,412,,,,,,,
Indonesia,35245,2018,Q2,4,ASEAN,1175 ,34805,440,,,,,,,
Indonesia,31690,2018,Q2,5,ASEAN,1022 ,31392,298,,,,,,,
Indonesia,62261,2018,Q2,6,ASEAN,2075 ,61527,734,,,,,,,
Indonesia,31447,2018,Q3,7,ASEAN,1014 ,30907,540,,,,,,,
Indonesia,23978,2018,Q3,8,ASEAN,773 ,23278,700,,,,,,,
Indonesia,28049,2018,Q3,9,ASEAN,935 ,27402,647,,,,,,,
Indonesia,30950,2018,Q4,10,ASEAN,998 ,30412,538,,,,,,,
Indonesia,36455,2018,Q4,11,ASEAN,1215 ,35850,605,,,,,,,
Indonesia,52811,2018,Q4,12,ASEAN,1704 ,52010,801,,,,,,,
Indonesia,27576,2024,Q1,1,ASEAN,890 ,26997,579,,,,,,,
Indonesia,20775,2024,Q1,2,ASEAN,716 ,20219,556,,,,,,,
Indonesia,25563,2024,Q1,3,ASEAN,825 ,25130,433,,,,,,,
Indonesia,42835,2024,Q2,4,ASEAN,1428 ,42110,725,,,,,,,
Indonesia,27400,2024,Q2,5,ASEAN,884 ,27110,290,,,,,,,
Indonesia,35780,2024,Q2,6,ASEAN,1193 ,35163,617,,,,,,,
Indonesia,26898,2024,Q3,7,ASEAN,868 ,26514,384,,,,,,,
Indonesia,20131,2024,Q3,8,ASEAN,649 ,19466,665,,,,,,,
Indonesia,26120,2024,Q3,9,ASEAN,871 ,25472,648,,,,,,,
Indonesia,29071,2024,Q4,10,ASEAN,938 ,,,,,,,,,
Indonesia,31164,2024,Q4,11,ASEAN,1039 ,,,,,,,,,
Indonesia,53660,2024,Q4,12,ASEAN,1731 ,,,,,,,,,
Indonesia,45094,2025,Q1,1,ASEAN,1455 ,,,,,,,,,
Indonesia,25351,2025,Q1,2,ASEAN,905 ,,,,,,,,,
Indonesia,36912,2025,Q1,3,ASEAN,1191 ,,,,,,,,,
Indonesia,42719,2025,Q2,4,ASEAN,1424 ,,,,,,,,,
Indonesia,30375,2025,Q2,5,ASEAN,980 ,,,,,,,,,
Indonesia,32009,2025,Q2,6,ASEAN,1067 ,,,,,,,,,
Indonesia,26762,2025,Q3,7,ASEAN,863 ,,,,,,,,,
Indonesia,19489,2025,Q3,8,ASEAN,629 ,,,,,,,,,
Japan,110317,2018,Q1,1,G7,3559 ,105771,4546,,,,,,,
Japan,80554,2018,Q1,2,G7,2877 ,76165,4389,,,,,,,
Japan,150134,2018,Q1,3,G7,4843 ,144709,5425,,,,,,,
Japan,95460,2018,Q2,4,G7,3182 ,90170,5290,,,,,,,
Japan,108906,2018,Q2,5,G7,3513 ,105494,3412,,,,,,,
Japan,98838,2018,Q2,6,G7,3295 ,93742,5096,,,,,,,
Japan,91754,2018,Q3,7,G7,2960 ,87439,4315,,,,,,,
Japan,124320,2018,Q3,8,G7,4010 ,119194,5126,,,,,,,
Japan,111944,2018,Q3,9,G7,3731 ,106482,5462,,,,,,,
Japan,109632,2018,Q4,10,G7,3537 ,103692,5940,,,,,,,
Japan,133482,2018,Q4,11,G7,4449 ,128720,4762,,,,,,,
Japan,131212,2018,Q4,12,G7,4233 ,126195,5017,,,,,,,
Japan,43873,2024,Q1,1,G7,1415 ,44235,-362,,,,,,,
Japan,46692,2024,Q1,2,G7,1610 ,46848,-156,,,,,,,
Japan,62665,2024,Q1,3,G7,2021 ,64348,-1683,,,,,,,
Japan,38615,2024,Q2,4,G7,1287 ,38983,-368,,,,,,,
Japan,42430,2024,Q2,5,G7,1369 ,43178,-748,,,,,,,
Japan,33198,2024,Q2,6,G7,1107 ,33706,-508,,,,,,,
Japan,31661,2024,Q3,7,G7,1021 ,32242,-581,,,,,,,
Japan,49343,2024,Q3,8,G7,1592 ,50245,-902,,,,,,,
Japan,53477,2024,Q3,9,G7,1783 ,54089,-612,,,,,,,
Japan,46364,2024,Q4,10,G7,1496 ,,,,,,,,,
Japan,54389,2024,Q4,11,G7,1813 ,,,,,,,,,
Japan,57462,2024,Q4,12,G7,1854 ,,,,,,,,,
Japan,52051,2025,Q1,1,G7,1679 ,,,,,,,,,
Japan,66444,2025,Q1,2,G7,2373 ,,,,,,,,,
Japan,88118,2025,Q1,3,G7,2843 ,,,,,,,,,
Japan,42252,2025,Q2,4,G7,1408 ,,,,,,,,,
Japan,56327,2025,Q2,5,G7,1817 ,,,,,,,,,
Japan,43462,2025,Q2,6,G7,1449 ,,,,,,,,,
Japan,46721,2025,Q3,7,G7,1507 ,,,,,,,,,
Japan,76299,2025,Q3,8,G7,2461 ,,,,,,,,,
Macau SAR,72488,2018,Q1,1,Macau SAR,2338 ,,,,,,,,,
Macau SAR,71727,2018,Q1,2,Macau SAR,2562 ,,,,,,,,,
Macau SAR,82008,2018,Q1,3,Macau SAR,2645 ,,,,,,,,,
Macau SAR,71192,2018,Q2,4,Macau SAR,2373 ,,,,,,,,,
Macau SAR,74428,2018,Q2,5,Macau SAR,2401 ,,,,,,,,,
Macau SAR,71436,2018,Q2,6,Macau SAR,2381 ,,,,,,,,,
Macau SAR,88911,2018,Q3,7,Macau SAR,2868 ,,,,,,,,,
Macau SAR,96404,2018,Q3,8,Macau SAR,3110 ,,,,,,,,,
Macau SAR,68597,2018,Q3,9,Macau SAR,2287 ,,,,,,,,,
Macau SAR,86291,2018,Q4,10,Macau SAR,2784 ,,,,,,,,,
Macau SAR,116265,2018,Q4,11,Macau SAR,3876 ,,,,,,,,,
Macau SAR,161028,2018,Q4,12,Macau SAR,5194 ,,,,,,,,,
Macau SAR,90579,2024,Q1,1,Macau SAR,2922 ,,,,,,,,,
Macau SAR,102075,2024,Q1,2,Macau SAR,3520 ,,,,,,,,,
Macau SAR,94966,2024,Q1,3,Macau SAR,3063 ,,,,,,,,,
Macau SAR,80470,2024,Q2,4,Macau SAR,2682 ,,,,,,,,,
Macau SAR,83748,2024,Q2,5,Macau SAR,2702 ,,,,,,,,,
Macau SAR,86237,2024,Q2,6,Macau SAR,2875 ,,,,,,,,,
Macau SAR,111361,2024,Q3,7,Macau SAR,3592 ,,,,,,,,,
Macau SAR,129523,2024,Q3,8,Macau SAR,4178 ,,,,,,,,,
Macau SAR,79687,2024,Q3,9,Macau SAR,2656 ,,,,,,,,,
Macau SAR,88525,2024,Q4,10,Macau SAR,2856 ,,,,,,,,,
Macau SAR,87774,2024,Q4,11,Macau SAR,2926 ,,,,,,,,,
Macau SAR,128797,2024,Q4,12,Macau SAR,4155 ,,,,,,,,,
Macau SAR,97808,2025,Q1,1,Macau SAR,3155 ,,,,,,,,,
Macau SAR,89904,2025,Q1,2,Macau SAR,3211 ,,,,,,,,,
Macau SAR,87661,2025,Q1,3,Macau SAR,2828 ,,,,,,,,,
Macau SAR,92514,2025,Q2,4,Macau SAR,3084 ,,,,,,,,,
Macau SAR,96012,2025,Q2,5,Macau SAR,3097 ,,,,,,,,,
Macau SAR,85369,2025,Q2,6,Macau SAR,2846 ,,,,,,,,,
Macau SAR,111912,2025,Q3,7,Macau SAR,3610 ,,,,,,,,,
Macau SAR,141976,2025,Q3,8,Macau SAR,4580 ,,,,,,,,,
Mainland China,4094994,2018,Q1,1,Mainland China,132097 ,4113241,-18247,,,,,,,
Mainland China,4377990,2018,Q1,2,Mainland China,156357 ,4399696,-21706,,,,,,,
Mainland China,3651676,2018,Q1,3,Mainland China,117796 ,3668375,-16699,,,,,,,
Mainland China,4032387,2018,Q2,4,Mainland China,134413 ,4056097,-23710,,,,,,,
Mainland China,3803977,2018,Q2,5,Mainland China,122709 ,3817370,-13393,,,,,,,
Mainland China,3616705,2018,Q2,6,Mainland China,120557 ,3634089,-17384,,,,,,,
Mainland China,4383980,2018,Q3,7,Mainland China,141419 ,4402955,-18975,,,,,,,
Mainland China,4803626,2018,Q3,8,Mainland China,154956 ,4825547,-21921,,,,,,,
Mainland China,3693871,2018,Q3,9,Mainland China,123129 ,3713464,-19593,,,,,,,
Mainland China,4628552,2018,Q4,10,Mainland China,149308 ,4654391,-25839,,,,,,,
Mainland China,4613103,2018,Q4,11,Mainland China,153770 ,4631378,-18275,,,,,,,
Mainland China,5102464,2018,Q4,12,Mainland China,164596 ,5121627,-19163,,,,,,,
Mainland China,2984761,2024,Q1,1,Mainland China,96283 ,2984259,502,,,,,,,
Mainland China,3245911,2024,Q1,2,Mainland China,111928 ,3248231,-2320,,,,,,,
Mainland China,2467491,2024,Q1,3,Mainland China,79596 ,2462406,5085,,,,,,,
Mainland China,2483291,2024,Q2,4,Mainland China,82776 ,2482581,710,,,,,,,
Mainland China,2627401,2024,Q2,5,Mainland China,84755 ,2626081,1320,,,,,,,
Mainland China,2341637,2024,Q2,6,Mainland China,78055 ,2337305,4332,,,,,,,
Mainland China,3140563,2024,Q3,7,Mainland China,101308 ,3140143,420,,,,,,,
Mainland China,3659538,2024,Q3,8,Mainland China,118050 ,3660390,-852,,,,,,,
Mainland China,2295568,2024,Q3,9,Mainland China,76519 ,2294786,782,,,,,,,
Mainland China,3138319,2024,Q4,10,Mainland China,101236 ,,,,,,,,,
Mainland China,2557894,2024,Q4,11,Mainland China,85263 ,,,,,,,,,
Mainland China,3100753,2024,Q4,12,Mainland China,100024 ,,,,,,,,,
Mainland China,3726236,2025,Q1,1,Mainland China,120201 ,,,,,,,,,
Mainland China,2769404,2025,Q1,2,Mainland China,98907 ,,,,,,,,,
Mainland China,2749719,2025,Q1,3,Mainland China,88701 ,,,,,,,,,
Mainland China,2813526,2025,Q2,4,Mainland China,93784 ,,,,,,,,,
Mainland China,3123593,2025,Q2,5,Mainland China,100761 ,,,,,,,,,
Mainland China,2611276,2025,Q2,6,Mainland China,87043 ,,,,,,,,,
Mainland China,3510343,2025,Q3,7,Mainland China,113237 ,,,,,,,,,
Mainland China,4223347,2025,Q3,8,Mainland China,136237 ,,,,,,,,,
Malaysia,47044,2018,Q1,1,ASEAN,1518 ,44684,2360,,,,,,,
Malaysia,26422,2018,Q1,2,ASEAN,944 ,24527,1895,,,,,,,
Malaysia,57553,2018,Q1,3,ASEAN,1857 ,54963,2590,,,,,,,
Malaysia,43813,2018,Q2,4,ASEAN,1460 ,41235,2578,,,,,,,
Malaysia,37691,2018,Q2,5,ASEAN,1216 ,35565,2126,,,,,,,
Malaysia,43921,2018,Q2,6,ASEAN,1464 ,41644,2277,,,,,,,
Malaysia,30933,2018,Q3,7,ASEAN,998 ,28820,2113,,,,,,,
Malaysia,32888,2018,Q3,8,ASEAN,1061 ,30658,2230,,,,,,,
Malaysia,35879,2018,Q3,9,ASEAN,1196 ,33867,2012,,,,,,,
Malaysia,41631,2018,Q4,10,ASEAN,1343 ,38910,2721,,,,,,,
Malaysia,67061,2018,Q4,11,ASEAN,2235 ,63461,3600,,,,,,,
Malaysia,76342,2018,Q4,12,ASEAN,2463 ,72267,4075,,,,,,,
Malaysia,27958,2024,Q1,1,ASEAN,902 ,26904,1054,,,,,,,
Malaysia,29157,2024,Q1,2,ASEAN,1005 ,28417,740,,,,,,,
Malaysia,37805,2024,Q1,3,ASEAN,1220 ,36276,1529,,,,,,,
Malaysia,37765,2024,Q2,4,ASEAN,1259 ,36417,1348,,,,,,,
Malaysia,32027,2024,Q2,5,ASEAN,1033 ,30691,1336,,,,,,,
Malaysia,25779,2024,Q2,6,ASEAN,859 ,24411,1368,,,,,,,
Malaysia,22302,2024,Q3,7,ASEAN,719 ,21563,739,,,,,,,
Malaysia,22131,2024,Q3,8,ASEAN,714 ,20625,1506,,,,,,,
Malaysia,33845,2024,Q3,9,ASEAN,1128 ,32489,1356,,,,,,,
Malaysia,36251,2024,Q4,10,ASEAN,1169 ,,,,,,,,,
Malaysia,43756,2024,Q4,11,ASEAN,1459 ,,,,,,,,,
Malaysia,56732,2024,Q4,12,ASEAN,1830 ,,,,,,,,,
Malaysia,31073,2025,Q1,1,ASEAN,1002 ,,,,,,,,,
Malaysia,30801,2025,Q1,2,ASEAN,1100 ,,,,,,,,,
Malaysia,42325,2025,Q1,3,ASEAN,1365 ,,,,,,,,,
Malaysia,35632,2025,Q2,4,ASEAN,1188 ,,,,,,,,,
Malaysia,33926,2025,Q2,5,ASEAN,1094 ,,,,,,,,,
Malaysia,29356,2025,Q2,6,ASEAN,979 ,,,,,,,,,
Malaysia,20987,2025,Q3,7,ASEAN,677 ,,,,,,,,,
Malaysia,23090,2025,Q3,8,ASEAN,745 ,,,,,,,,,
Netherlands,8034,2018,Q1,1,Netherlands,259 ,7489,545,,,,,,,
Netherlands,5953,2018,Q1,2,Netherlands,213 ,5671,282,,,,,,,
Netherlands,8258,2018,Q1,3,Netherlands,266 ,7926,332,,,,,,,
Netherlands,9759,2018,Q2,4,Netherlands,325 ,9282,477,,,,,,,
Netherlands,7518,2018,Q2,5,Netherlands,243 ,7148,370,,,,,,,
Netherlands,5814,2018,Q2,6,Netherlands,194 ,5382,432,,,,,,,
Netherlands,8939,2018,Q3,7,Netherlands,288 ,8553,386,,,,,,,
Netherlands,9708,2018,Q3,8,Netherlands,313 ,9486,222,,,,,,,
Netherlands,6519,2018,Q3,9,Netherlands,217 ,5990,529,,,,,,,
Netherlands,10573,2018,Q4,10,Netherlands,341 ,9989,584,,,,,,,
Netherlands,9844,2018,Q4,11,Netherlands,328 ,9298,546,,,,,,,
Netherlands,7840,2018,Q4,12,Netherlands,253 ,7649,191,,,,,,,
Netherlands,6039,2024,Q1,1,Netherlands,195 ,6054,-15,,,,,,,
Netherlands,5312,2024,Q1,2,Netherlands,183 ,5225,87,,,,,,,
Netherlands,6556,2024,Q1,3,Netherlands,211 ,6332,224,,,,,,,
Netherlands,7971,2024,Q2,4,Netherlands,266 ,7778,193,,,,,,,
Netherlands,6272,2024,Q2,5,Netherlands,202 ,6106,166,,,,,,,
Netherlands,3900,2024,Q2,6,Netherlands,130 ,3826,74,,,,,,,
Netherlands,7673,2024,Q3,7,Netherlands,248 ,7538,135,,,,,,,
Netherlands,8444,2024,Q3,8,Netherlands,272 ,8345,99,,,,,,,
Netherlands,4862,2024,Q3,9,Netherlands,162 ,4784,78,,,,,,,
Netherlands,8683,2024,Q4,10,Netherlands,280 ,,,,,,,,,
Netherlands,8108,2024,Q4,11,Netherlands,270 ,,,,,,,,,
Netherlands,6120,2024,Q4,12,Netherlands,197 ,,,,,,,,,
Netherlands,5725,2025,Q1,1,Netherlands,185 ,,,,,,,,,
Netherlands,5878,2025,Q1,2,Netherlands,210 ,,,,,,,,,
Netherlands,7309,2025,Q1,3,Netherlands,236 ,,,,,,,,,
Netherlands,8907,2025,Q2,4,Netherlands,297 ,,,,,,,,,
Netherlands,6211,2025,Q2,5,Netherlands,200 ,,,,,,,,,
Netherlands,4092,2025,Q2,6,Netherlands,136 ,,,,,,,,,
Netherlands,8020,2025,Q3,7,Netherlands,259 ,,,,,,,,,
Netherlands,9020,2025,Q3,8,Netherlands,291 ,,,,,,,,,
Philippines,70236,2018,Q1,1,ASEAN,2266 ,66932,3304,,,,,,,
Philippines,52602,2018,Q1,2,ASEAN,1879 ,50471,2131,,,,,,,
Philippines,79680,2018,Q1,3,ASEAN,2570 ,77677,2003,,,,,,,
Philippines,82399,2018,Q2,4,ASEAN,2747 ,79832,2567,,,,,,,
Philippines,93040,2018,Q2,5,ASEAN,3001 ,90537,2503,,,,,,,
Philippines,85758,2018,Q2,6,ASEAN,2859 ,83369,2389,,,,,,,
Philippines,63439,2018,Q3,7,ASEAN,2046 ,60535,2904,,,,,,,
Philippines,63613,2018,Q3,8,ASEAN,2052 ,61003,2610,,,,,,,
Philippines,57967,2018,Q3,9,ASEAN,1932 ,56067,1900,,,,,,,
Philippines,77693,2018,Q4,10,ASEAN,2506 ,75478,2215,,,,,,,
Philippines,94158,2018,Q4,11,ASEAN,3139 ,91678,2480,,,,,,,
Philippines,105277,2018,Q4,12,ASEAN,3396 ,101242,4035,,,,,,,
Philippines,86513,2024,Q1,1,ASEAN,2791 ,85578,935,,,,,,,
Philippines,79126,2024,Q1,2,ASEAN,2728 ,77970,1156,,,,,,,
Philippines,101016,2024,Q1,3,ASEAN,3259 ,100691,325,,,,,,,
Philippines,85115,2024,Q2,4,ASEAN,2837 ,83873,1242,,,,,,,
Philippines,86364,2024,Q2,5,ASEAN,2786 ,85698,666,,,,,,,
Philippines,109831,2024,Q2,6,ASEAN,3661 ,108702,1129,,,,,,,
Philippines,103479,2024,Q3,7,ASEAN,3338 ,102102,1377,,,,,,,
Philippines,87224,2024,Q3,8,ASEAN,2814 ,85393,1831,,,,,,,
Philippines,81658,2024,Q3,9,ASEAN,2722 ,80127,1531,,,,,,,
Philippines,99787,2024,Q4,10,ASEAN,3219 ,,,,,,,,,
Philippines,127533,2024,Q4,11,ASEAN,4251 ,,,,,,,,,
Philippines,146800,2024,Q4,12,ASEAN,4735 ,,,,,,,,,
Philippines,113554,2025,Q1,1,ASEAN,3663 ,,,,,,,,,
Philippines,96968,2025,Q1,2,ASEAN,3463 ,,,,,,,,,
Philippines,102053,2025,Q1,3,ASEAN,3292 ,,,,,,,,,
Philippines,113306,2025,Q2,4,ASEAN,3777 ,,,,,,,,,
Philippines,130197,2025,Q2,5,ASEAN,4200 ,,,,,,,,,
Philippines,122548,2025,Q2,6,ASEAN,4085 ,,,,,,,,,
Philippines,94753,2025,Q3,7,ASEAN,3057 ,,,,,,,,,
Philippines,93945,2025,Q3,8,ASEAN,3030 ,,,,,,,,,
Russia,18217,2018,Q1,1,Russia,588 ,17572,645,,,,,,,
Russia,11153,2018,Q1,2,Russia,398 ,10625,528,,,,,,,
Russia,16405,2018,Q1,3,Russia,529 ,15804,601,,,,,,,
Russia,18651,2018,Q2,4,Russia,622 ,17594,1057,,,,,,,
Russia,13786,2018,Q2,5,Russia,445 ,13276,510,,,,,,,
Russia,11323,2018,Q2,6,Russia,377 ,10773,550,,,,,,,
Russia,10453,2018,Q3,7,Russia,337 ,9978,475,,,,,,,
Russia,10822,2018,Q3,8,Russia,349 ,10162,660,,,,,,,
Russia,10236,2018,Q3,9,Russia,341 ,9797,439,,,,,,,
Russia,17116,2018,Q4,10,Russia,552 ,15979,1137,,,,,,,
Russia,16490,2018,Q4,11,Russia,550 ,15839,651,,,,,,,
Russia,15280,2018,Q4,12,Russia,493 ,14517,763,,,,,,,
Russia,14049,2024,Q1,1,Russia,453 ,13536,513,,,,,,,
Russia,10065,2024,Q1,2,Russia,347 ,9387,678,,,,,,,
Russia,12086,2024,Q1,3,Russia,390 ,11425,661,,,,,,,
Russia,13448,2024,Q2,4,Russia,448 ,12665,783,,,,,,,
Russia,8970,2024,Q2,5,Russia,289 ,8539,431,,,,,,,
Russia,7071,2024,Q2,6,Russia,236 ,6531,540,,,,,,,
Russia,7437,2024,Q3,7,Russia,240 ,6978,459,,,,,,,
Russia,8460,2024,Q3,8,Russia,273 ,7859,601,,,,,,,
Russia,8303,2024,Q3,9,Russia,277 ,7638,665,,,,,,,
Russia,14293,2024,Q4,10,Russia,461 ,,,,,,,,,
Russia,13982,2024,Q4,11,Russia,466 ,,,,,,,,,
Russia,13434,2024,Q4,12,Russia,433 ,,,,,,,,,
Russia,16904,2025,Q1,1,Russia,545 ,,,,,,,,,
Russia,11079,2025,Q1,2,Russia,396 ,,,,,,,,,
Russia,14641,2025,Q1,3,Russia,472 ,,,,,,,,,
Russia,15240,2025,Q2,4,Russia,508 ,,,,,,,,,
Russia,12147,2025,Q2,5,Russia,392 ,,,,,,,,,
Russia,8113,2025,Q2,6,Russia,270 ,,,,,,,,,
Russia,8220,2025,Q3,7,Russia,265 ,,,,,,,,,
Russia,9057,2025,Q3,8,Russia,292 ,,,,,,,,,
Singapore,45203,2018,Q1,1,ASEAN,1458 ,51891,-6688,,,,,,,
Singapore,22421,2018,Q1,2,ASEAN,801 ,27431,-5010,,,,,,,
Singapore,53869,2018,Q1,3,ASEAN,1738 ,61115,-7246,,,,,,,
Singapore,40039,2018,Q2,4,ASEAN,1335 ,46448,-6409,,,,,,,
Singapore,42607,2018,Q2,5,ASEAN,1374 ,48814,-6207,,,,,,,
Singapore,47408,2018,Q2,6,ASEAN,1580 ,54009,-6601,,,,,,,
Singapore,31729,2018,Q3,7,ASEAN,1024 ,36518,-4789,,,,,,,
Singapore,33459,2018,Q3,8,ASEAN,1079 ,37740,-4281,,,,,,,
Singapore,36234,2018,Q3,9,ASEAN,1208 ,41249,-5015,,,,,,,
Singapore,42008,2018,Q4,10,ASEAN,1355 ,49375,-7367,,,,,,,
Singapore,63394,2018,Q4,11,ASEAN,2113 ,71251,-7857,,,,,,,
Singapore,77861,2018,Q4,12,ASEAN,2512 ,84667,-6806,,,,,,,
Singapore,34943,2024,Q1,1,ASEAN,1127 ,39609,-4666,,,,,,,
Singapore,21386,2024,Q1,2,ASEAN,737 ,26379,-4993,,,,,,,
Singapore,42058,2024,Q1,3,ASEAN,1357 ,49523,-7465,,,,,,,
Singapore,34119,2024,Q2,4,ASEAN,1137 ,41222,-7103,,,,,,,
Singapore,34479,2024,Q2,5,ASEAN,1112 ,40681,-6202,,,,,,,
Singapore,44394,2024,Q2,6,ASEAN,1480 ,51592,-7198,,,,,,,
Singapore,24372,2024,Q3,7,ASEAN,786 ,28437,-4065,,,,,,,
Singapore,28344,2024,Q3,8,ASEAN,914 ,34516,-6172,,,,,,,
Singapore,30252,2024,Q3,9,ASEAN,1008 ,37081,-6829,,,,,,,
Singapore,39240,2024,Q4,10,ASEAN,1266 ,,,,,,,,,
Singapore,57449,2024,Q4,11,ASEAN,1915 ,,,,,,,,,
Singapore,75035,2024,Q4,12,ASEAN,2420 ,,,,,,,,,
Singapore,34283,2025,Q1,1,ASEAN,1106 ,,,,,,,,,
Singapore,26987,2025,Q1,2,ASEAN,964 ,,,,,,,,,
Singapore,49639,2025,Q1,3,ASEAN,1601 ,,,,,,,,,
Singapore,33802,2025,Q2,4,ASEAN,1127 ,,,,,,,,,
Singapore,34215,2025,Q2,5,ASEAN,1104 ,,,,,,,,,
Singapore,43368,2025,Q2,6,ASEAN,1446 ,,,,,,,,,
Singapore,26106,2025,Q3,7,ASEAN,842 ,,,,,,,,,
Singapore,24197,2025,Q3,8,ASEAN,781 ,,,,,,,,,
South Korea,172432,2018,Q1,1,South Korea,5562 ,168152,4280,,,,,,,
South Korea,126142,2018,Q1,2,South Korea,4505 ,122667,3475,,,,,,,
South Korea,129998,2018,Q1,3,South Korea,4193 ,127261,2737,,,,,,,
South Korea,110385,2018,Q2,4,South Korea,3680 ,106526,3859,,,,,,,
South Korea,114461,2018,Q2,5,South Korea,3692 ,111738,2723,,,,,,,
South Korea,99420,2018,Q2,6,South Korea,3314 ,96260,3160,,,,,,,
South Korea,101964,2018,Q3,7,South Korea,3289 ,98776,3188,,,,,,,
South Korea,116354,2018,Q3,8,South Korea,3753 ,112959,3395,,,,,,,
South Korea,103090,2018,Q3,9,South Korea,3436 ,100119,2971,,,,,,,
South Korea,115428,2018,Q4,10,South Korea,3723 ,111400,4028,,,,,,,
South Korea,131587,2018,Q4,11,South Korea,4386 ,128753,2834,,,,,,,
South Korea,140297,2018,Q4,12,South Korea,4526 ,136800,3497,,,,,,,
South Korea,100516,2024,Q1,1,South Korea,3242 ,100022,494,,,,,,,
South Korea,85201,2024,Q1,2,South Korea,2938 ,84707,494,,,,,,,
South Korea,67330,2024,Q1,3,South Korea,2172 ,67393,-63,,,,,,,
South Korea,64102,2024,Q2,4,South Korea,2137 ,63804,298,,,,,,,
South Korea,56533,2024,Q2,5,South Korea,1824 ,56604,-71,,,,,,,
South Korea,47453,2024,Q2,6,South Korea,1582 ,47223,230,,,,,,,
South Korea,48059,2024,Q3,7,South Korea,1550 ,48089,-30,,,,,,,
South Korea,60049,2024,Q3,8,South Korea,1937 ,60032,17,,,,,,,
South Korea,65074,2024,Q3,9,South Korea,2169 ,64796,278,,,,,,,
South Korea,78822,2024,Q4,10,South Korea,2543 ,,,,,,,,,
South Korea,85029,2024,Q4,11,South Korea,2834 ,,,,,,,,,
South Korea,96705,2024,Q4,12,South Korea,3120 ,,,,,,,,,
South Korea,126739,2025,Q1,1,South Korea,4088 ,,,,,,,,,
South Korea,121523,2025,Q1,2,South Korea,4340 ,,,,,,,,,
South Korea,90102,2025,Q1,3,South Korea,2907 ,,,,,,,,,
South Korea,62155,2025,Q2,4,South Korea,2072 ,,,,,,,,,
South Korea,73233,2025,Q2,5,South Korea,2362 ,,,,,,,,,
South Korea,52364,2025,Q2,6,South Korea,1745 ,,,,,,,,,
South Korea,50770,2025,Q3,7,South Korea,1638 ,,,,,,,,,
South Korea,55884,2025,Q3,8,South Korea,1803 ,,,,,,,,,
Taiwan,162142,2018,Q1,1,Taiwan,5230 ,156300,5842,,,,,,,
Taiwan,154569,2018,Q1,2,Taiwan,5520 ,146308,8261,,,,,,,
Taiwan,162753,2018,Q1,3,Taiwan,5250 ,157997,4756,,,,,,,
Taiwan,180108,2018,Q2,4,Taiwan,6004 ,172597,7511,,,,,,,
Taiwan,156411,2018,Q2,5,Taiwan,5046 ,151060,5351,,,,,,,
Taiwan,170433,2018,Q2,6,Taiwan,5681 ,164497,5936,,,,,,,
Taiwan,179562,2018,Q3,7,Taiwan,5792 ,172884,6678,,,,,,,
Taiwan,175455,2018,Q3,8,Taiwan,5660 ,167791,7664,,,,,,,
Taiwan,158089,2018,Q3,9,Taiwan,5270 ,150747,7342,,,,,,,
Taiwan,164252,2018,Q4,10,Taiwan,5298 ,155625,8627,,,,,,,
Taiwan,158295,2018,Q4,11,Taiwan,5277 ,151502,6793,,,,,,,
Taiwan,185455,2018,Q4,12,Taiwan,5982 ,177926,7529,,,,,,,
Taiwan,93916,2024,Q1,1,Taiwan,3030 ,92208,1708,,,,,,,
Taiwan,99726,2024,Q1,2,Taiwan,3439 ,97587,2139,,,,,,,
Taiwan,91534,2024,Q1,3,Taiwan,2953 ,90853,681,,,,,,,
Taiwan,101924,2024,Q2,4,Taiwan,3397 ,99899,2025,,,,,,,
Taiwan,93048,2024,Q2,5,Taiwan,3002 ,90739,2309,,,,,,,
Taiwan,112192,2024,Q2,6,Taiwan,3740 ,110949,1243,,,,,,,
Taiwan,112633,2024,Q3,7,Taiwan,3633 ,110232,2401,,,,,,,
Taiwan,113214,2024,Q3,8,Taiwan,3652 ,110092,3122,,,,,,,
Taiwan,102359,2024,Q3,9,Taiwan,3412 ,99093,3266,,,,,,,
Taiwan,108366,2024,Q4,10,Taiwan,3496 ,,,,,,,,,
Taiwan,102291,2024,Q4,11,Taiwan,3410 ,,,,,,,,,
Taiwan,113407,2024,Q4,12,Taiwan,3658 ,,,,,,,,,
Taiwan,139003,2025,Q1,1,Taiwan,4484 ,,,,,,,,,
Taiwan,118849,2025,Q1,2,Taiwan,4245 ,,,,,,,,,
Taiwan,112569,2025,Q1,3,Taiwan,3631 ,,,,,,,,,
Taiwan,124218,2025,Q2,4,Taiwan,4141 ,,,,,,,,,
Taiwan,123435,2025,Q2,5,Taiwan,3982 ,,,,,,,,,
Taiwan,125246,2025,Q2,6,Taiwan,4175 ,,,,,,,,,
Taiwan,140392,2025,Q3,7,Taiwan,4529 ,,,,,,,,,
Taiwan,148511,2025,Q3,8,Taiwan,4791 ,,,,,,,,,
Thailand,52370,2018,Q1,1,ASEAN,1689 ,53084,-714,,,,,,,
Thailand,22308,2018,Q1,2,ASEAN,797 ,22854,-546,,,,,,,
Thailand,65368,2018,Q1,3,ASEAN,2109 ,66074,-706,,,,,,,
Thailand,56088,2018,Q2,4,ASEAN,1870 ,56878,-790,,,,,,,
Thailand,51288,2018,Q2,5,ASEAN,1654 ,51939,-651,,,,,,,
Thailand,37821,2018,Q2,6,ASEAN,1261 ,38488,-667,,,,,,,
Thailand,42131,2018,Q3,7,ASEAN,1359 ,42710,-579,,,,,,,
Thailand,33423,2018,Q3,8,ASEAN,1078 ,33931,-508,,,,,,,
Thailand,31126,2018,Q3,9,ASEAN,1038 ,31678,-552,,,,,,,
Thailand,54836,2018,Q4,10,ASEAN,1769 ,55964,-1128,,,,,,,
Thailand,48894,2018,Q4,11,ASEAN,1630 ,49520,-626,,,,,,,
Thailand,67623,2018,Q4,12,ASEAN,2181 ,68486,-863,,,,,,,
Thailand,51227,2024,Q1,1,ASEAN,1652 ,51710,-483,,,,,,,
Thailand,37038,2024,Q1,2,ASEAN,1277 ,37918,-880,,,,,,,
Thailand,65135,2024,Q1,3,ASEAN,2101 ,65717,-582,,,,,,,
Thailand,60044,2024,Q2,4,ASEAN,2001 ,61483,-1439,,,,,,,
Thailand,41893,2024,Q2,5,ASEAN,1351 ,42824,-931,,,,,,,
Thailand,30070,2024,Q2,6,ASEAN,1002 ,30822,-752,,,,,,,
Thailand,31325,2024,Q3,7,ASEAN,1010 ,32116,-791,,,,,,,
Thailand,26786,2024,Q3,8,ASEAN,864 ,27537,-751,,,,,,,
Thailand,25505,2024,Q3,9,ASEAN,850 ,26516,-1011,,,,,,,
Thailand,47548,2024,Q4,10,ASEAN,1534 ,,,,,,,,,
Thailand,43528,2024,Q4,11,ASEAN,1451 ,,,,,,,,,
Thailand,61546,2024,Q4,12,ASEAN,1985 ,,,,,,,,,
Thailand,39068,2025,Q1,1,ASEAN,1260 ,,,,,,,,,
Thailand,48931,2025,Q1,2,ASEAN,1748 ,,,,,,,,,
Thailand,59170,2025,Q1,3,ASEAN,1909 ,,,,,,,,,
Thailand,54727,2025,Q2,4,ASEAN,1824 ,,,,,,,,,
Thailand,47917,2025,Q2,5,ASEAN,1546 ,,,,,,,,,
Thailand,33635,2025,Q2,6,ASEAN,1121 ,,,,,,,,,
Thailand,40934,2025,Q3,7,ASEAN,1320 ,,,,,,,,,
Thailand,35041,2025,Q3,8,ASEAN,1130 ,,,,,,,,,
United Kingdom,41548,2018,Q1,1,G7,1340 ,46909,-5361,,,,,,,
United Kingdom,35894,2018,Q1,2,G7,1282 ,40376,-4482,,,,,,,
United Kingdom,61788,2018,Q1,3,G7,1993 ,67731,-5943,,,,,,,
United Kingdom,54945,2018,Q2,4,G7,1832 ,60214,-5269,,,,,,,
United Kingdom,39165,2018,Q2,5,G7,1263 ,43653,-4488,,,,,,,
United Kingdom,32165,2018,Q2,6,G7,1072 ,35102,-2937,,,,,,,
United Kingdom,36435,2018,Q3,7,G7,1175 ,39538,-3103,,,,,,,
United Kingdom,38664,2018,Q3,8,G7,1247 ,41393,-2729,,,,,,,
United Kingdom,35094,2018,Q3,9,G7,1170 ,39121,-4027,,,,,,,
United Kingdom,50216,2018,Q4,10,G7,1620 ,54553,-4337,,,,,,,
United Kingdom,51765,2018,Q4,11,G7,1726 ,57782,-6017,,,,,,,
United Kingdom,40651,2018,Q4,12,G7,1311 ,46367,-5716,,,,,,,
United Kingdom,22940,2024,Q1,1,G7,740 ,22610,330,,,,,,,
United Kingdom,23159,2024,Q1,2,G7,799 ,22759,400,,,,,,,
United Kingdom,36095,2024,Q1,3,G7,1164 ,35936,159,,,,,,,
United Kingdom,29612,2024,Q2,4,G7,987 ,28708,904,,,,,,,
United Kingdom,19997,2024,Q2,5,G7,645 ,20072,-75,,,,,,,
United Kingdom,16449,2024,Q2,6,G7,548 ,16221,228,,,,,,,
United Kingdom,18416,2024,Q3,7,G7,594 ,17967,449,,,,,,,
United Kingdom,20148,2024,Q3,8,G7,650 ,19821,327,,,,,,,
United Kingdom,19799,2024,Q3,9,G7,660 ,19477,322,,,,,,,
United Kingdom,31622,2024,Q4,10,G7,1020 ,,,,,,,,,
United Kingdom,30016,2024,Q4,11,G7,1001 ,,,,,,,,,
United Kingdom,26185,2024,Q4,12,G7,845 ,,,,,,,,,
United Kingdom,26528,2025,Q1,1,G7,856 ,,,,,,,,,
United Kingdom,27223,2025,Q1,2,G7,972 ,,,,,,,,,
United Kingdom,39271,2025,Q1,3,G7,1267 ,,,,,,,,,
United Kingdom,33735,2025,Q2,4,G7,1125 ,,,,,,,,,
United Kingdom,24102,2025,Q2,5,G7,777 ,,,,,,,,,
United Kingdom,18596,2025,Q2,6,G7,620 ,,,,,,,,,
United Kingdom,23485,2025,Q3,7,G7,758 ,,,,,,,,,
United Kingdom,22955,2025,Q3,8,G7,740 ,,,,,,,,,
USA,103468,2018,Q1,1,G7,3338 ,101744,1724,,,,,,,
USA,79137,2018,Q1,2,G7,2826 ,75975,3162,,,,,,,
USA,129752,2018,Q1,3,G7,4186 ,128125,1627,,,,,,,
USA,124521,2018,Q2,4,G7,4151 ,121213,3308,,,,,,,
USA,104585,2018,Q2,5,G7,3374 ,103594,991,,,,,,,
USA,114356,2018,Q2,6,G7,3812 ,113117,1239,,,,,,,
USA,108376,2018,Q3,7,G7,3496 ,105698,2678,,,,,,,
USA,91973,2018,Q3,8,G7,2967 ,89055,2918,,,,,,,
USA,89966,2018,Q3,9,G7,2999 ,88098,1868,,,,,,,
USA,126121,2018,Q4,10,G7,4068 ,122699,3422,,,,,,,
USA,139513,2018,Q4,11,G7,4650 ,137397,2116,,,,,,,
USA,118717,2018,Q4,12,G7,3830 ,117517,1200,,,,,,,
USA,62390,2024,Q1,1,G7,2013 ,62807,-417,,,,,,,
USA,57486,2024,Q1,2,G7,1982 ,56371,1115,,,,,,,
USA,82817,2024,Q1,3,G7,2672 ,83201,-384,,,,,,,
USA,74625,2024,Q2,4,G7,2488 ,74102,523,,,,,,,
USA,62584,2024,Q2,5,G7,2019 ,62437,147,,,,,,,
USA,83081,2024,Q2,6,G7,2769 ,84381,-1300,,,,,,,
USA,83014,2024,Q3,7,G7,2678 ,82191,823,,,,,,,
USA,64239,2024,Q3,8,G7,2072 ,63394,845,,,,,,,
USA,53984,2024,Q3,9,G7,1799 ,54157,-173,,,,,,,
USA,79114,2024,Q4,10,G7,2552 ,,,,,,,,,
USA,92582,2024,Q4,11,G7,3086 ,,,,,,,,,
USA,88346,2024,Q4,12,G7,2850 ,,,,,,,,,
USA,75740,2025,Q1,1,G7,2443 ,,,,,,,,,
USA,67201,2025,Q1,2,G7,2400 ,,,,,,,,,
USA,93957,2025,Q1,3,G7,3031 ,,,,,,,,,
USA,84296,2025,Q2,4,G7,2810 ,,,,,,,,,
USA,71839,2025,Q2,5,G7,2317 ,,,,,,,,,
USA,96384,2025,Q2,6,G7,3213 ,,,,,,,,,
USA,95946,2025,Q3,7,G7,3095 ,,,,,,,,,
USA,73640,2025,Q3,8,G7,2375 ,,,,,,,,,
Vietnam,3020,2018,Q1,1,ASEAN,97 ,3231,-211,,,,,,,
Vietnam,4113,2018,Q1,2,ASEAN,147 ,4376,-263,,,,,,,
Vietnam,3675,2018,Q1,3,ASEAN,119 ,3889,-214,,,,,,,
Vietnam,4942,2018,Q2,4,ASEAN,165 ,5360,-418,,,,,,,
Vietnam,4127,2018,Q2,5,ASEAN,133 ,4419,-292,,,,,,,
Vietnam,5943,2018,Q2,6,ASEAN,198 ,6142,-199,,,,,,,
Vietnam,5787,2018,Q3,7,ASEAN,187 ,6041,-254,,,,,,,
Vietnam,4687,2018,Q3,8,ASEAN,151 ,4977,-290,,,,,,,
Vietnam,4696,2018,Q3,9,ASEAN,157 ,5025,-329,,,,,,,
Vietnam,3930,2018,Q4,10,ASEAN,127 ,4287,-357,,,,,,,
Vietnam,3522,2018,Q4,11,ASEAN,117 ,3834,-312,,,,,,,
Vietnam,4904,2018,Q4,12,ASEAN,158 ,5226,-322,,,,,,,
Vietnam,2073,2024,Q1,1,ASEAN,67 ,2376,-303,,,,,,,
Vietnam,4244,2024,Q1,2,ASEAN,146 ,4708,-464,,,,,,,
Vietnam,3450,2024,Q1,3,ASEAN,111 ,3695,-245,,,,,,,
Vietnam,4306,2024,Q2,4,ASEAN,144 ,4688,-382,,,,,,,
Vietnam,3304,2024,Q2,5,ASEAN,107 ,3544,-240,,,,,,,
Vietnam,4625,2024,Q2,6,ASEAN,154 ,4932,-307,,,,,,,
Vietnam,4619,2024,Q3,7,ASEAN,149 ,4726,-107,,,,,,,
Vietnam,5934,2024,Q3,8,ASEAN,191 ,6168,-234,,,,,,,
Vietnam,4041,2024,Q3,9,ASEAN,135 ,4167,-126,,,,,,,
Vietnam,3241,2024,Q4,10,ASEAN,105 ,,,,,,,,,
Vietnam,3941,2024,Q4,11,ASEAN,131 ,,,,,,,,,
Vietnam,4531,2024,Q4,12,ASEAN,146 ,,,,,,,,,
Vietnam,4323,2025,Q1,1,ASEAN,139 ,,,,,,,,,
Vietnam,3430,2025,Q1,2,ASEAN,123 ,,,,,,,,,
Vietnam,4190,2025,Q1,3,ASEAN,135 ,,,,,,,,,
Vietnam,5682,2025,Q2,4,ASEAN,189 ,,,,,,,,,
Vietnam,10890,2025,Q2,5,ASEAN,351 ,,,,,,,,,
Vietnam,5377,2025,Q2,6,ASEAN,179 ,,,,,,,,,
Vietnam,5125,2025,Q3,7,ASEAN,165 ,,,,,,,,,
Vietnam,6827,2025,Q3,8,ASEAN,220 ,,,,,,,,,
Middle East,15184,2018,Q1,1,Middle East,490 ,,,,,,,,,
Middle East,9270,2018,Q1,2,Middle East,331 ,,,,,,,,,
Middle East,14748,2018,Q1,3,Middle East,476 ,,,,,,,,,
Middle East,15805,2018,Q2,4,Middle East,527 ,,,,,,,,,
Middle East,9658,2018,Q2,5,Middle East,312 ,,,,,,,,,
Middle East,9757,2018,Q2,6,Middle East,325 ,,,,,,,,,
Middle East,13024,2018,Q3,7,Middle East,420 ,,,,,,,,,
Middle East,14741,2018,Q3,8,Middle East,476 ,,,,,,,,,
Middle East,12389,2018,Q3,9,Middle East,413 ,,,,,,,,,
Middle East,14689,2018,Q4,10,Middle East,474 ,,,,,,,,,
Middle East,12226,2018,Q4,11,Middle East,408 ,,,,,,,,,
Middle East,12908,2018,Q4,12,Middle East,416 ,,,,,,,,,
Middle East,4390,2024,Q1,1,Middle East,142 ,,,,,,,,,
Middle East,4430,2024,Q1,2,Middle East,153 ,,,,,,,,,
Middle East,4456,2024,Q1,3,Middle East,144 ,,,,,,,,,
Middle East,6618,2024,Q2,4,Middle East,221 ,,,,,,,,,
Middle East,4760,2024,Q2,5,Middle East,154 ,,,,,,,,,
Middle East,5051,2024,Q2,6,Middle East,168 ,,,,,,,,,
Middle East,4543,2024,Q3,7,Middle East,147 ,,,,,,,,,
Middle East,4572,2024,Q3,8,Middle East,147 ,,,,,,,,,
Middle East,6076,2024,Q3,9,Middle East,203 ,,,,,,,,,
Middle East,7784,2024,Q4,10,Middle East,251 ,,,,,,,,,
Middle East,7352,2024,Q4,11,Middle East,245 ,,,,,,,,,
Middle East,6847,2024,Q4,12,Middle East,221 ,,,,,,,,,
Middle East,5446,2025,Q1,1,Middle East,176 ,,,,,,,,,
Middle East,5019,2025,Q1,2,Middle East,179 ,,,,,,,,,
Middle East,6688,2025,Q1,3,Middle East,216 ,,,,,,,,,
Middle East,9026,2025,Q2,4,Middle East,301 ,,,,,,,,,
Middle East,5644,2025,Q2,5,Middle East,182 ,,,,,,,,,
Middle East,6471,2025,Q2,6,Middle East,216 ,,,,,,,,,
Middle East,6913,2025,Q3,7,Middle East,223 ,,,,,,,,,
Middle East,8624,2025,Q3,8,Middle East,278 ,,,,,,,,,
Australia,37156,2025,Q4,9,Australia,1239 ,,,,,,,,,
Canada,23305,2025,Q4,9,G7,777 ,,,,,,,,,
France,10787,2025,Q4,9,G7,360 ,,,,,,,,,
Germany,13529,2025,Q4,9,G7,451 ,,,,,,,,,
India,39005,2025,Q4,9,India,1300 ,,,,,,,,,
Indonesia,25081,2025,Q4,9,ASEAN,836 ,,,,,,,,,
Japan,65928,2025,Q4,9,G7,2198 ,,,,,,,,,
Macau SAR,73210,2025,Q4,9,Macau SAR,2440 ,,,,,,,,,
Mainland,,2025,Q4,9,#N/A,#VALUE!,,,,,,,,,
Malaysia,37435,2025,Q4,9,ASEAN,1248 ,,,,,,,,,
Netherlands,5273,2025,Q4,9,Netherlands,176 ,,,,,,,,,
Philippines,88153,2025,Q4,9,ASEAN,2938 ,,,,,,,,,
Russia,8916,2025,Q4,9,Russia,297 ,,,,,,,,,
Singapore,31949,2025,Q4,9,ASEAN,1065 ,,,,,,,,,
South Korea,49789,2025,Q4,9,South Korea,1660 ,,,,,,,,,
Taiwan,128829,2025,Q4,9,Taiwan,4294 ,,,,,,,,,
Thailand,28025,2025,Q4,9,ASEAN,934 ,,,,,,,,,
United Kingdom,20976,2025,Q4,9,G7,699 ,,,,,,,,,
USA,58568,2025,Q4,9,G7,1952 ,,,,,,,,,
Vietnam,3779,2025,Q4,9,ASEAN,126 ,,,,,,,,,
Middle East,7551,2025,Q4,9,Middle East,252 ,,,,,,,,,
Australia,47326,2025,Q4,10,Australia,1527 ,,,,,,,,,
Canada,36581,2025,Q4,10,G7,1180 ,,,,,,,,,
France,19761,2025,Q4,10,G7,637 ,,,,,,,,,
Germany,20978,2025,Q4,10,G7,677 ,,,,,,,,,
India,41613,2025,Q4,10,India,1342 ,,,,,,,,,
Indonesia,25434,2025,Q4,10,ASEAN,820 ,,,,,,,,,
Japan,63101,2025,Q4,10,G7,2036 ,,,,,,,,,
Macau SAR,93584,2025,Q4,10,Macau SAR,3019 ,,,,,,,,,
Mainland,,2025,Q4,10,#N/A,#VALUE!,,,,,,,,,
Malaysia,38061,2025,Q4,10,ASEAN,1228 ,,,,,,,,,
Netherlands,9637,2025,Q4,10,Netherlands,311 ,,,,,,,,,
Philippines,111327,2025,Q4,10,ASEAN,3591 ,,,,,,,,,
Russia,19762,2025,Q4,10,Russia,637 ,,,,,,,,,
Singapore,40029,2025,Q4,10,ASEAN,1291 ,,,,,,,,,
South Korea,91979,2025,Q4,10,South Korea,2967 ,,,,,,,,,
Taiwan,157831,2025,Q4,10,Taiwan,5091 ,,,,,,,,,
Thailand,55211,2025,Q4,10,ASEAN,1781 ,,,,,,,,,
United Kingdom,34561,2025,Q4,10,G7,1115 ,,,,,,,,,
USA,95093,2025,Q4,10,G7,3068 ,,,,,,,,,
Vietnam,5266,2025,Q4,10,ASEAN,170 ,,,,,,,,,
Middle East,9772,2025,Q4,10,Middle East,315 ,,,,,,,,,
Australia,44370,2025,Q4,11,Australia,1479 ,,,,,,,,,
Canada,41350,2025,Q4,11,G7,1378 ,,,,,,,,,
France,19803,2025,Q4,11,G7,660 ,,,,,,,,,
Germany,21108,2025,Q4,11,G7,704 ,,,,,,,,,
India,34697,2025,Q4,11,India,1157 ,,,,,,,,,
Indonesia,27789,2025,Q4,11,ASEAN,926 ,,,,,,,,,
Japan,75336,2025,Q4,11,G7,2511 ,,,,,,,,,
Macau SAR,92370,2025,Q4,11,Macau SAR,3079 ,,,,,,,,,
Mainland,,2025,Q4,11,#N/A,#VALUE!,,,,,,,,,
Malaysia,43802,2025,Q4,11,ASEAN,1460 ,,,,,,,,,
Netherlands,9466,2025,Q4,11,Netherlands,316 ,,,,,,,,,
Philippines,125683,2025,Q4,11,ASEAN,4189 ,,,,,,,,,
Russia,19806,2025,Q4,11,Russia,660 ,,,,,,,,,
Singapore,53168,2025,Q4,11,ASEAN,1772 ,,,,,,,,,
South Korea,96160,2025,Q4,11,South Korea,3205 ,,,,,,,,,
Taiwan,127113,2025,Q4,11,Taiwan,4237 ,,,,,,,,,
Thailand,47577,2025,Q4,11,ASEAN,1586 ,,,,,,,,,
United Kingdom,36311,2025,Q4,11,G7,1210 ,,,,,,,,,
USA,105899,2025,Q4,11,G7,3530 ,,,,,,,,,
Vietnam,4643,2025,Q4,11,ASEAN,155 ,,,,,,,,,
Middle East,10650,2025,Q4,11,Middle East,355 ,,,,,,,,,
Australia,67795,2025,Q4,12,Australia,2187 ,,,,,,,,,
Canada,38762,2025,Q4,12,G7,1250 ,,,,,,,,,
France,16828,2025,Q4,12,G7,543 ,,,,,,,,,
Germany,17420,2025,Q4,12,G7,562 ,,,,,,,,,
India,39330,2025,Q4,12,India,1269 ,,,,,,,,,
Indonesia,44515,2025,Q4,12,ASEAN,1436 ,,,,,,,,,
Japan,65821,2025,Q4,12,G7,2123 ,,,,,,,,,
Macau SAR,122584,2025,Q4,12,Macau SAR,3954 ,,,,,,,,,
Mainland China,3354406,2025,Q4,12,Mainland China,108207 ,,,,,,,,,
Malaysia,63651,2025,Q4,12,ASEAN,2053 ,,,,,,,,,
Netherlands,7796,2025,Q4,12,Netherlands,251 ,,,,,,,,,
Philippines,155230,2025,Q4,12,ASEAN,5007 ,,,,,,,,,
Russia,20707,2025,Q4,12,Russia,668 ,,,,,,,,,
Singapore,73718,2025,Q4,12,ASEAN,2378 ,,,,,,,,,
South Korea,92918,2025,Q4,12,South Korea,2997 ,,,,,,,,,
Taiwan,132498,2025,Q4,12,Taiwan,4274 ,,,,,,,,,
Thailand,70445,2025,Q4,12,ASEAN,2272 ,,,,,,,,,
United Kingdom,31354,2025,Q4,12,G7,1011 ,,,,,,,,,
USA,107467,2025,Q4,12,G7,3467 ,,,,,,,,,
Vietnam,5893,2025,Q4,12,ASEAN,190 ,,,,,,,,,
Middle East,9933,2025,Q4,12,Middle East,320 ,,,,,,,,,
